"Data Source","World Development Indicators",

"Last Updated Date","2020-05-28",

"Country Name","Country Code","Indicator Name","Indicator Code","1960","1961","1962","1963","1964","1965","1966","1967","1968","1969","1970","1971","1972","1973","1974","1975","1976","1977","1978","1979","1980","1981","1982","1983","1984","1985","1986","1987","1988","1989","1990","1991","1992","1993","1994","1995","1996","1997","1998","1999","2000","2001","2002","2003","2004","2005","2006","2007","2008","2009","2010","2011","2012","2013","2014","2015","2016","2017","2018","2019",
"Aruba","ABW","Use of insecticide-treated bed nets (% of under-5 population)","SH.MLR.NETS.ZS","","","","","","","","","","","","","","","","","","","","","","","","","","","","","","","","","","","","","","","","","","","","","","","","","","","","","","","","","","","","",
"Afghanistan","AFG","Use of insecticide-treated bed nets (% of under-5 population)","SH.MLR.NETS.ZS","","","","","","","","","","","","","","","","","","","","","","","","","","","","","","","","","","","","","","","","","","","","","","","","","","","","","","","","4.6","","","","",
"Angola","AGO","Use of insecticide-treated bed nets (% of under-5 population)","SH.MLR.NETS.ZS","","","","","","","","","","","","","","","","","","","","","","","","","","","","","","","","","","","","","","","","","","2.2999999523","","","","","","18","","","","25.9","","","","","21.7","","","",
"Albania","ALB","Use of insecticide-treated bed nets (% of under-5 population)","SH.MLR.NETS.ZS","","","","","","","","","","","","","","","","","","","","","","","","","","","","","","","","","","","","","","","","","","","","","","","","","","","","","","","","","","","","",
"Andorra","AND","Use of insecticide-treated bed nets (% of under-5 population)","SH.MLR.NETS.ZS","","","","","","","","","","","","","","","","","","","","","","","","","","","","","","","","","","","","","","","","","","","","","","","","","","","","","","","","","","","","",
"Arab World","ARB","Use of insecticide-treated bed nets (% of under-5 population)","SH.MLR.NETS.ZS","","","","","","","","","","","","","","","","","","","","","","","","","","","","","","","","","","","","","","","","","","","","","","","","","","","","","","","","","","","","",
"United Arab Emirates","ARE","Use of insecticide-treated bed nets (% of under-5 population)","SH.MLR.NETS.ZS","","","","","","","","","","","","","","","","","","","","","","","","","","","","","","","","","","","","","","","","","","","","","","","","","","","","","","","","","","","","",
"Argentina","ARG","Use of insecticide-treated bed nets (% of under-5 population)","SH.MLR.NETS.ZS","","","","","","","","","","","","","","","","","","","","","","","","","","","","","","","","","","","","","","","","","","","","","","","","","","","","","","","","","","","","",
"Armenia","ARM","Use of insecticide-treated bed nets (% of under-5 population)","SH.MLR.NETS.ZS","","","","","","","","","","","","","","","","","","","","","","","","","","","","","","","","","","","","","","","","","","","","","","","","","","","","","","","","","","","","",
"American Samoa","ASM","Use of insecticide-treated bed nets (% of under-5 population)","SH.MLR.NETS.ZS","","","","","","","","","","","","","","","","","","","","","","","","","","","","","","","","","","","","","","","","","","","","","","","","","","","","","","","","","","","","",
"Antigua and Barbuda","ATG","Use of insecticide-treated bed nets (% of under-5 population)","SH.MLR.NETS.ZS","","","","","","","","","","","","","","","","","","","","","","","","","","","","","","","","","","","","","","","","","","","","","","","","","","","","","","","","","","","","",
"Australia","AUS","Use of insecticide-treated bed nets (% of under-5 population)","SH.MLR.NETS.ZS","","","","","","","","","","","","","","","","","","","","","","","","","","","","","","","","","","","","","","","","","","","","","","","","","","","","","","","","","","","","",
"Austria","AUT","Use of insecticide-treated bed nets (% of under-5 population)","SH.MLR.NETS.ZS","","","","","","","","","","","","","","","","","","","","","","","","","","","","","","","","","","","","","","","","","","","","","","","","","","","","","","","","","","","","",
"Azerbaijan","AZE","Use of insecticide-treated bed nets (% of under-5 population)","SH.MLR.NETS.ZS","","","","","","","","","","","","","","","","","","","","","","","","","","","","","","","","","","","","","","","","","1","","","","","","","","","","","","","","","","","","","",
"Burundi","BDI","Use of insecticide-treated bed nets (% of under-5 population)","SH.MLR.NETS.ZS","","","","","","","","","","","","","","","","","","","","","","","","","","","","","","","","","","","","","","","","","1","","","","","8","","","","","45.3","","53.8","","","","","39.9","","",
"Belgium","BEL","Use of insecticide-treated bed nets (% of under-5 population)","SH.MLR.NETS.ZS","","","","","","","","","","","","","","","","","","","","","","","","","","","","","","","","","","","","","","","","","","","","","","","","","","","","","","","","","","","","",
"Benin","BEN","Use of insecticide-treated bed nets (% of under-5 population)","SH.MLR.NETS.ZS","","","","","","","","","","","","","","","","","","","","","","","","","","","","","","","","","","","","","","","","","","7","","","","","20","","","","","","69.7","","72.7","","","","69.8","",
"Burkina Faso","BFA","Use of insecticide-treated bed nets (% of under-5 population)","SH.MLR.NETS.ZS","","","","","","","","","","","","","","","","","","","","","","","","","","","","","","","","","","","","","","","","","","","","2","","","10","","","","47.4","","","","75.3","","","","54.4","",
"Bangladesh","BGD","Use of insecticide-treated bed nets (% of under-5 population)","SH.MLR.NETS.ZS","","","","","","","","","","","","","","","","","","","","","","","","","","","","","","","","","","","","","","","","","","","","","","","","","","","","","","","","","","","","",
"Bulgaria","BGR","Use of insecticide-treated bed nets (% of under-5 population)","SH.MLR.NETS.ZS","","","","","","","","","","","","","","","","","","","","","","","","","","","","","","","","","","","","","","","","","","","","","","","","","","","","","","","","","","","","",
"Bahrain","BHR","Use of insecticide-treated bed nets (% of under-5 population)","SH.MLR.NETS.ZS","","","","","","","","","","","","","","","","","","","","","","","","","","","","","","","","","","","","","","","","","","","","","","","","","","","","","","","","","","","","",
"Bahamas, The","BHS","Use of insecticide-treated bed nets (% of under-5 population)","SH.MLR.NETS.ZS","","","","","","","","","","","","","","","","","","","","","","","","","","","","","","","","","","","","","","","","","","","","","","","","","","","","","","","","","","","","",
"Bosnia and Herzegovina","BIH","Use of insecticide-treated bed nets (% of under-5 population)","SH.MLR.NETS.ZS","","","","","","","","","","","","","","","","","","","","","","","","","","","","","","","","","","","","","","","","","","","","","","","","","","","","","","","","","","","","",
"Belarus","BLR","Use of insecticide-treated bed nets (% of under-5 population)","SH.MLR.NETS.ZS","","","","","","","","","","","","","","","","","","","","","","","","","","","","","","","","","","","","","","","","","","","","","","","","","","","","","","","","","","","","",
"Belize","BLZ","Use of insecticide-treated bed nets (% of under-5 population)","SH.MLR.NETS.ZS","","","","","","","","","","","","","","","","","","","","","","","","","","","","","","","","","","","","","","","","","","","","","","","","","","","","","","","","","","","","",
"Bermuda","BMU","Use of insecticide-treated bed nets (% of under-5 population)","SH.MLR.NETS.ZS","","","","","","","","","","","","","","","","","","","","","","","","","","","","","","","","","","","","","","","","","","","","","","","","","","","","","","","","","","","","",
"Bolivia","BOL","Use of insecticide-treated bed nets (% of under-5 population)","SH.MLR.NETS.ZS","","","","","","","","","","","","","","","","","","","","","","","","","","","","","","","","","","","","","","","","","","","","","","","","","","","","","","","","","","","","",
"Brazil","BRA","Use of insecticide-treated bed nets (% of under-5 population)","SH.MLR.NETS.ZS","","","","","","","","","","","","","","","","","","","","","","","","","","","","","","","","","","","","","","","","","","","","","","","","","","","","","","","","","","","","",
"Barbados","BRB","Use of insecticide-treated bed nets (% of under-5 population)","SH.MLR.NETS.ZS","","","","","","","","","","","","","","","","","","","","","","","","","","","","","","","","","","","","","","","","","","","","","","","","","","","","","","","","","","","","",
"Brunei Darussalam","BRN","Use of insecticide-treated bed nets (% of under-5 population)","SH.MLR.NETS.ZS","","","","","","","","","","","","","","","","","","","","","","","","","","","","","","","","","","","","","","","","","","","","","","","","","","","","","","","","","","","","",
"Bhutan","BTN","Use of insecticide-treated bed nets (% of under-5 population)","SH.MLR.NETS.ZS","","","","","","","","","","","","","","","","","","","","","","","","","","","","","","","","","","","","","","","","","","","","","","","","","","","","","","","","","","","","",
"Botswana","BWA","Use of insecticide-treated bed nets (% of under-5 population)","SH.MLR.NETS.ZS","","","","","","","","","","","","","","","","","","","","","","","","","","","","","","","","","","","","","","","","","","","","","","","","","","","","","30.9","","","","","","","",
"Central African Republic","CAF","Use of insecticide-treated bed nets (% of under-5 population)","SH.MLR.NETS.ZS","","","","","","","","","","","","","","","","","","","","","","","","","","","","","","","","","","","","","","","","","2","","","","","","15","","","","36.4","","","","","","","","","",
"Canada","CAN","Use of insecticide-treated bed nets (% of under-5 population)","SH.MLR.NETS.ZS","","","","","","","","","","","","","","","","","","","","","","","","","","","","","","","","","","","","","","","","","","","","","","","","","","","","","","","","","","","","",
"Central Europe and the Baltics","CEB","Use of insecticide-treated bed nets (% of under-5 population)","SH.MLR.NETS.ZS","","","","","","","","","","","","","","","","","","","","","","","","","","","","","","","","","","","","","","","","","","","","","","","","","","","","","","","","","","","","",
"Switzerland","CHE","Use of insecticide-treated bed nets (% of under-5 population)","SH.MLR.NETS.ZS","","","","","","","","","","","","","","","","","","","","","","","","","","","","","","","","","","","","","","","","","","","","","","","","","","","","","","","","","","","","",
"Channel Islands","CHI","Use of insecticide-treated bed nets (% of under-5 population)","SH.MLR.NETS.ZS","","","","","","","","","","","","","","","","","","","","","","","","","","","","","","","","","","","","","","","","","","","","","","","","","","","","","","","","","","","","",
"Chile","CHL","Use of insecticide-treated bed nets (% of under-5 population)","SH.MLR.NETS.ZS","","","","","","","","","","","","","","","","","","","","","","","","","","","","","","","","","","","","","","","","","","","","","","","","","","","","","","","","","","","","",
"China","CHN","Use of insecticide-treated bed nets (% of under-5 population)","SH.MLR.NETS.ZS","","","","","","","","","","","","","","","","","","","","","","","","","","","","","","","","","","","","","","","","","","","","","","","","","","","","","","","","","","","","",
"Cote d'Ivoire","CIV","Use of insecticide-treated bed nets (% of under-5 population)","SH.MLR.NETS.ZS","","","","","","","","","","","","","","","","","","","","","","","","","","","","","","","","","","","","","","","","","1","","","","4","1.3","3","","","","","","37.2","","","","59.7","","","",
"Cameroon","CMR","Use of insecticide-treated bed nets (% of under-5 population)","SH.MLR.NETS.ZS","","","","","","","","","","","","","","","","","","","","","","","","","","","","","","","","","","","","","","","","","1","","","","1","","13","","","","","21","","","54.8","","","","","",
"Congo, Dem. Rep.","COD","Use of insecticide-treated bed nets (% of under-5 population)","SH.MLR.NETS.ZS","","","","","","","","","","","","","","","","","","","","","","","","","","","","","","","","","","","","","","","","","","1","","","","","","6","","","38.1","","","","55.8","","","","","",
"Congo, Rep.","COG","Use of insecticide-treated bed nets (% of under-5 population)","SH.MLR.NETS.ZS","","","","","","","","","","","","","","","","","","","","","","","","","","","","","","","","","","","","","","","","","","","","","","6","","","","","","","26.3","","","60.5","","","","",
"Colombia","COL","Use of insecticide-treated bed nets (% of under-5 population)","SH.MLR.NETS.ZS","","","","","","","","","","","","","","","","","","","","","","","","","","","","","","","","","","","","","","","","","0.6999999881","","","","","","","","","","","","","","","","","","","",
"Comoros","COM","Use of insecticide-treated bed nets (% of under-5 population)","SH.MLR.NETS.ZS","","","","","","","","","","","","","","","","","","","","","","","","","","","","","","","","","","","","","","","","","9","","","","","","","","","","","","41.1","","","","","","","",
"Cabo Verde","CPV","Use of insecticide-treated bed nets (% of under-5 population)","SH.MLR.NETS.ZS","","","","","","","","","","","","","","","","","","","","","","","","","","","","","","","","","","","","","","","","","","","","","","","","","","","","","","","","","","","","",
"Costa Rica","CRI","Use of insecticide-treated bed nets (% of under-5 population)","SH.MLR.NETS.ZS","","","","","","","","","","","","","","","","","","","","","","","","","","","","","","","","","","","","","","","","","","","","","","","","","","","","","","","","","","","","",
"Caribbean small states","CSS","Use of insecticide-treated bed nets (% of under-5 population)","SH.MLR.NETS.ZS","","","","","","","","","","","","","","","","","","","","","","","","","","","","","","","","","","","","","","","","","","","","","","","","","","","","","","","","","","","","",
"Cuba","CUB","Use of insecticide-treated bed nets (% of under-5 population)","SH.MLR.NETS.ZS","","","","","","","","","","","","","","","","","","","","","","","","","","","","","","","","","","","","","","","","","","","","","","","","","","","","","","","","","","","","",
"Curacao","CUW","Use of insecticide-treated bed nets (% of under-5 population)","SH.MLR.NETS.ZS","","","","","","","","","","","","","","","","","","","","","","","","","","","","","","","","","","","","","","","","","","","","","","","","","","","","","","","","","","","","",
"Cayman Islands","CYM","Use of insecticide-treated bed nets (% of under-5 population)","SH.MLR.NETS.ZS","","","","","","","","","","","","","","","","","","","","","","","","","","","","","","","","","","","","","","","","","","","","","","","","","","","","","","","","","","","","",
"Cyprus","CYP","Use of insecticide-treated bed nets (% of under-5 population)","SH.MLR.NETS.ZS","","","","","","","","","","","","","","","","","","","","","","","","","","","","","","","","","","","","","","","","","","","","","","","","","","","","","","","","","","","","",
"Czech Republic","CZE","Use of insecticide-treated bed nets (% of under-5 population)","SH.MLR.NETS.ZS","","","","","","","","","","","","","","","","","","","","","","","","","","","","","","","","","","","","","","","","","","","","","","","","","","","","","","","","","","","","",
"Germany","DEU","Use of insecticide-treated bed nets (% of under-5 population)","SH.MLR.NETS.ZS","","","","","","","","","","","","","","","","","","","","","","","","","","","","","","","","","","","","","","","","","","","","","","","","","","","","","","","","","","","","",
"Djibouti","DJI","Use of insecticide-treated bed nets (% of under-5 population)","SH.MLR.NETS.ZS","","","","","","","","","","","","","","","","","","","","","","","","","","","","","","","","","","","","","","","","","","","","","","","1","","","19.9","","","","","","","","","","",
"Dominica","DMA","Use of insecticide-treated bed nets (% of under-5 population)","SH.MLR.NETS.ZS","","","","","","","","","","","","","","","","","","","","","","","","","","","","","","","","","","","","","","","","","","","","","","","","","","","","","","","","","","","","",
"Denmark","DNK","Use of insecticide-treated bed nets (% of under-5 population)","SH.MLR.NETS.ZS","","","","","","","","","","","","","","","","","","","","","","","","","","","","","","","","","","","","","","","","","","","","","","","","","","","","","","","","","","","","",
"Dominican Republic","DOM","Use of insecticide-treated bed nets (% of under-5 population)","SH.MLR.NETS.ZS","","","","","","","","","","","","","","","","","","","","","","","","","","","","","","","","","","","","","","","","","","","","","","","","","","","","","","","","","","","","",
"Algeria","DZA","Use of insecticide-treated bed nets (% of under-5 population)","SH.MLR.NETS.ZS","","","","","","","","","","","","","","","","","","","","","","","","","","","","","","","","","","","","","","","","","","","","","","","","","","","","","","","","","","","","",
"East Asia & Pacific (excluding high income)","EAP","Use of insecticide-treated bed nets (% of under-5 population)","SH.MLR.NETS.ZS","","","","","","","","","","","","","","","","","","","","","","","","","","","","","","","","","","","","","","","","","","","","","","","","","","","","","","","","","","","","",
"Early-demographic dividend","EAR","Use of insecticide-treated bed nets (% of under-5 population)","SH.MLR.NETS.ZS","","","","","","","","","","","","","","","","","","","","","","","","","","","","","","","","","","","","","","","","","","","","","","","","","","","","","","","","","","","","",
"East Asia & Pacific","EAS","Use of insecticide-treated bed nets (% of under-5 population)","SH.MLR.NETS.ZS","","","","","","","","","","","","","","","","","","","","","","","","","","","","","","","","","","","","","","","","","","","","","","","","","","","","","","","","","","","","",
"Europe & Central Asia (excluding high income)","ECA","Use of insecticide-treated bed nets (% of under-5 population)","SH.MLR.NETS.ZS","","","","","","","","","","","","","","","","","","","","","","","","","","","","","","","","","","","","","","","","","","","","","","","","","","","","","","","","","","","","",
"Europe & Central Asia","ECS","Use of insecticide-treated bed nets (% of under-5 population)","SH.MLR.NETS.ZS","","","","","","","","","","","","","","","","","","","","","","","","","","","","","","","","","","","","","","","","","","","","","","","","","","","","","","","","","","","","",
"Ecuador","ECU","Use of insecticide-treated bed nets (% of under-5 population)","SH.MLR.NETS.ZS","","","","","","","","","","","","","","","","","","","","","","","","","","","","","","","","","","","","","","","","","","","","","","","","","","","","","","","","","","","","",
"Egypt, Arab Rep.","EGY","Use of insecticide-treated bed nets (% of under-5 population)","SH.MLR.NETS.ZS","","","","","","","","","","","","","","","","","","","","","","","","","","","","","","","","","","","","","","","","","","","","","","","","","","","","","","","","","","","","",
"Euro area","EMU","Use of insecticide-treated bed nets (% of under-5 population)","SH.MLR.NETS.ZS","","","","","","","","","","","","","","","","","","","","","","","","","","","","","","","","","","","","","","","","","","","","","","","","","","","","","","","","","","","","",
"Eritrea","ERI","Use of insecticide-treated bed nets (% of under-5 population)","SH.MLR.NETS.ZS","","","","","","","","","","","","","","","","","","","","","","","","","","","","","","","","","","","","","","","","","","","4","","","","","","48.9","","20.4","","","","","","","","","",
"Spain","ESP","Use of insecticide-treated bed nets (% of under-5 population)","SH.MLR.NETS.ZS","","","","","","","","","","","","","","","","","","","","","","","","","","","","","","","","","","","","","","","","","","","","","","","","","","","","","","","","","","","","",
"Estonia","EST","Use of insecticide-treated bed nets (% of under-5 population)","SH.MLR.NETS.ZS","","","","","","","","","","","","","","","","","","","","","","","","","","","","","","","","","","","","","","","","","","","","","","","","","","","","","","","","","","","","",
"Ethiopia","ETH","Use of insecticide-treated bed nets (% of under-5 population)","SH.MLR.NETS.ZS","","","","","","","","","","","","","","","","","","","","","","","","","","","","","","","","","","","","","","","","","","","","","","2","","33","","","","30.1","","","","45.3","","","","",
"European Union","EUU","Use of insecticide-treated bed nets (% of under-5 population)","SH.MLR.NETS.ZS","","","","","","","","","","","","","","","","","","","","","","","","","","","","","","","","","","","","","","","","","","","","","","","","","","","","","","","","","","","","",
"Fragile and conflict affected situations","FCS","Use of insecticide-treated bed nets (% of under-5 population)","SH.MLR.NETS.ZS","","","","","","","","","","","","","","","","","","","","","","","","","","","","","","","","","","","","","","","","","","","","","","","","","","","","","","","","46.7303113587659","","","","",
"Finland","FIN","Use of insecticide-treated bed nets (% of under-5 population)","SH.MLR.NETS.ZS","","","","","","","","","","","","","","","","","","","","","","","","","","","","","","","","","","","","","","","","","","","","","","","","","","","","","","","","","","","","",
"Fiji","FJI","Use of insecticide-treated bed nets (% of under-5 population)","SH.MLR.NETS.ZS","","","","","","","","","","","","","","","","","","","","","","","","","","","","","","","","","","","","","","","","","","","","","","","","","","","","","","","","","","","","",
"France","FRA","Use of insecticide-treated bed nets (% of under-5 population)","SH.MLR.NETS.ZS","","","","","","","","","","","","","","","","","","","","","","","","","","","","","","","","","","","","","","","","","","","","","","","","","","","","","","","","","","","","",
"Faroe Islands","FRO","Use of insecticide-treated bed nets (% of under-5 population)","SH.MLR.NETS.ZS","","","","","","","","","","","","","","","","","","","","","","","","","","","","","","","","","","","","","","","","","","","","","","","","","","","","","","","","","","","","",
"Micronesia, Fed. Sts.","FSM","Use of insecticide-treated bed nets (% of under-5 population)","SH.MLR.NETS.ZS","","","","","","","","","","","","","","","","","","","","","","","","","","","","","","","","","","","","","","","","","","","","","","","","","","","","","","","","","","","","",
"Gabon","GAB","Use of insecticide-treated bed nets (% of under-5 population)","SH.MLR.NETS.ZS","","","","","","","","","","","","","","","","","","","","","","","","","","","","","","","","","","","","","","","","","","","","","","","","","55.1","","","","38.8","","","","","","","",
"United Kingdom","GBR","Use of insecticide-treated bed nets (% of under-5 population)","SH.MLR.NETS.ZS","","","","","","","","","","","","","","","","","","","","","","","","","","","","","","","","","","","","","","","","","","","","","","","","","","","","","","","","","","","","",
"Georgia","GEO","Use of insecticide-treated bed nets (% of under-5 population)","SH.MLR.NETS.ZS","","","","","","","","","","","","","","","","","","","","","","","","","","","","","","","","","","","","","","","","","","","","","","","","","","","","","","","","","","","","",
"Ghana","GHA","Use of insecticide-treated bed nets (% of under-5 population)","SH.MLR.NETS.ZS","","","","","","","","","","","","","","","","","","","","","","","","","","","","","","","","","","","","","","","","","","","","4","","","22","","28","","","39","","","46.6","","52.2","","","",
"Gibraltar","GIB","Use of insecticide-treated bed nets (% of under-5 population)","SH.MLR.NETS.ZS","","","","","","","","","","","","","","","","","","","","","","","","","","","","","","","","","","","","","","","","","","","","","","","","","","","","","","","","","","","","",
"Guinea","GIN","Use of insecticide-treated bed nets (% of under-5 population)","SH.MLR.NETS.ZS","","","","","","","","","","","","","","","","","","","","","","","","","","","","","","","","","","","","","","","","","","","","4","","1","","5","4.5","","","","26","","","","67.9","","26.6","",
"Gambia, The","GMB","Use of insecticide-treated bed nets (% of under-5 population)","SH.MLR.NETS.ZS","","","","","","","","","","","","","","","","","","","","","","","","","","","","","","","","","","","","","","","","","15","","","","","","49","","","","33.3","","","47.2","","","","62.4","","",
"Guinea-Bissau","GNB","Use of insecticide-treated bed nets (% of under-5 population)","SH.MLR.NETS.ZS","","","","","","","","","","","","","","","","","","","","","","","","","","","","","","","","","","","","","","","","","7","","","","","","39","","","","35.5","","","","80.6","","","","","",
"Equatorial Guinea","GNQ","Use of insecticide-treated bed nets (% of under-5 population)","SH.MLR.NETS.ZS","","","","","","","","","","","","","","","","","","","","","","","","","","","","","","","","","","","","","","","","","1","","","","","","","","","","","23","","","","","","","","",
"Greece","GRC","Use of insecticide-treated bed nets (% of under-5 population)","SH.MLR.NETS.ZS","","","","","","","","","","","","","","","","","","","","","","","","","","","","","","","","","","","","","","","","","","","","","","","","","","","","","","","","","","","","",
"Grenada","GRD","Use of insecticide-treated bed nets (% of under-5 population)","SH.MLR.NETS.ZS","","","","","","","","","","","","","","","","","","","","","","","","","","","","","","","","","","","","","","","","","","","","","","","","","","","","","","","","","","","","",
"Greenland","GRL","Use of insecticide-treated bed nets (% of under-5 population)","SH.MLR.NETS.ZS","","","","","","","","","","","","","","","","","","","","","","","","","","","","","","","","","","","","","","","","","","","","","","","","","","","","","","","","","","","","",
"Guatemala","GTM","Use of insecticide-treated bed nets (% of under-5 population)","SH.MLR.NETS.ZS","","","","","","","","","","","","","","","","","","","","","","","","","","","","","","","","","","","","","","","","1","","","","","","","","","","","","","","","","","","","","",
"Guam","GUM","Use of insecticide-treated bed nets (% of under-5 population)","SH.MLR.NETS.ZS","","","","","","","","","","","","","","","","","","","","","","","","","","","","","","","","","","","","","","","","","","","","","","","","","","","","","","","","","","","","",
"Guyana","GUY","Use of insecticide-treated bed nets (% of under-5 population)","SH.MLR.NETS.ZS","","","","","","","","","","","","","","","","","","","","","","","","","","","","","","","","","","","","","","","","","5.5","","","","","6.7","","","","24.4","","","","","7.4","","","","","",
"High income","HIC","Use of insecticide-treated bed nets (% of under-5 population)","SH.MLR.NETS.ZS","","","","","","","","","","","","","","","","","","","","","","","","","","","","","","","","","","","","","","","","","","","","","","","","","","","","","","","","","","","","",
"Hong Kong SAR, China","HKG","Use of insecticide-treated bed nets (% of under-5 population)","SH.MLR.NETS.ZS","","","","","","","","","","","","","","","","","","","","","","","","","","","","","","","","","","","","","","","","","","","","","","","","","","","","","","","","","","","","",
"Honduras","HND","Use of insecticide-treated bed nets (% of under-5 population)","SH.MLR.NETS.ZS","","","","","","","","","","","","","","","","","","","","","","","","","","","","","","","","","","","","","","","","","","","","","","","","","","","","","","","","","","","","",
"Heavily indebted poor countries (HIPC)","HPC","Use of insecticide-treated bed nets (% of under-5 population)","SH.MLR.NETS.ZS","","","","","","","","","","","","","","","","","","","","","","","","","","","","","","","","","","","","","","","","","","","","","","","","","","","","","","","","52.5097798505063","","","","",
"Croatia","HRV","Use of insecticide-treated bed nets (% of under-5 population)","SH.MLR.NETS.ZS","","","","","","","","","","","","","","","","","","","","","","","","","","","","","","","","","","","","","","","","","","","","","","","","","","","","","","","","","","","","",
"Haiti","HTI","Use of insecticide-treated bed nets (% of under-5 population)","SH.MLR.NETS.ZS","","","","","","","","","","","","","","","","","","","","","","","","","","","","","","","","","","","","","","","","","","","","","","","","","","","","","12","","","","","18.2","","",
"Hungary","HUN","Use of insecticide-treated bed nets (% of under-5 population)","SH.MLR.NETS.ZS","","","","","","","","","","","","","","","","","","","","","","","","","","","","","","","","","","","","","","","","","","","","","","","","","","","","","","","","","","","","",
"IBRD only","IBD","Use of insecticide-treated bed nets (% of under-5 population)","SH.MLR.NETS.ZS","","","","","","","","","","","","","","","","","","","","","","","","","","","","","","","","","","","","","","","","","","","","","","","","","","","","","","","","","","","","",
"IDA & IBRD total","IBT","Use of insecticide-treated bed nets (% of under-5 population)","SH.MLR.NETS.ZS","","","","","","","","","","","","","","","","","","","","","","","","","","","","","","","","","","","","","","","","","","","","","","","","","","","","","","","","","","","","",
"IDA total","IDA","Use of insecticide-treated bed nets (% of under-5 population)","SH.MLR.NETS.ZS","","","","","","","","","","","","","","","","","","","","","","","","","","","","","","","","","","","","","","","","","","","","","","","","","","","","","","","","43.9602271038379","","","","",
"IDA blend","IDB","Use of insecticide-treated bed nets (% of under-5 population)","SH.MLR.NETS.ZS","","","","","","","","","","","","","","","","","","","","","","","","","","","","","","","","","","","","","","","","","","","","","","","","","","","","","","","","32.8570977661713","","","","",
"Indonesia","IDN","Use of insecticide-treated bed nets (% of under-5 population)","SH.MLR.NETS.ZS","","","","","","","","","","","","","","","","","","","","","","","","","","","","","","","","","","","","","","","","","0","","","","","","","3","","","","","","","","","","","","",
"IDA only","IDX","Use of insecticide-treated bed nets (% of under-5 population)","SH.MLR.NETS.ZS","","","","","","","","","","","","","","","","","","","","","","","","","","","","","","","","","","","","","","","","","","","","","","","","","","","","","","","","50.9024132196775","","","","",
"Isle of Man","IMN","Use of insecticide-treated bed nets (% of under-5 population)","SH.MLR.NETS.ZS","","","","","","","","","","","","","","","","","","","","","","","","","","","","","","","","","","","","","","","","","","","","","","","","","","","","","","","","","","","","",
"India","IND","Use of insecticide-treated bed nets (% of under-5 population)","SH.MLR.NETS.ZS","","","","","","","","","","","","","","","","","","","","","","","","","","","","","","","","","","","","","","","","","","","","","","","","","","","","","","","","","4.6","","","",
"Not classified","INX","Use of insecticide-treated bed nets (% of under-5 population)","SH.MLR.NETS.ZS","","","","","","","","","","","","","","","","","","","","","","","","","","","","","","","","","","","","","","","","","","","","","","","","","","","","","","","","","","","","",
"Ireland","IRL","Use of insecticide-treated bed nets (% of under-5 population)","SH.MLR.NETS.ZS","","","","","","","","","","","","","","","","","","","","","","","","","","","","","","","","","","","","","","","","","","","","","","","","","","","","","","","","","","","","",
"Iran, Islamic Rep.","IRN","Use of insecticide-treated bed nets (% of under-5 population)","SH.MLR.NETS.ZS","","","","","","","","","","","","","","","","","","","","","","","","","","","","","","","","","","","","","","","","","","","","","","","","","","","","","","","","","","","","",
"Iraq","IRQ","Use of insecticide-treated bed nets (% of under-5 population)","SH.MLR.NETS.ZS","","","","","","","","","","","","","","","","","","","","","","","","","","","","","","","","","","","","","","","","","0","","","","","","","","","","","","","","","","","","","",
"Iceland","ISL","Use of insecticide-treated bed nets (% of under-5 population)","SH.MLR.NETS.ZS","","","","","","","","","","","","","","","","","","","","","","","","","","","","","","","","","","","","","","","","","","","","","","","","","","","","","","","","","","","","",
"Israel","ISR","Use of insecticide-treated bed nets (% of under-5 population)","SH.MLR.NETS.ZS","","","","","","","","","","","","","","","","","","","","","","","","","","","","","","","","","","","","","","","","","","","","","","","","","","","","","","","","","","","","",
"Italy","ITA","Use of insecticide-treated bed nets (% of under-5 population)","SH.MLR.NETS.ZS","","","","","","","","","","","","","","","","","","","","","","","","","","","","","","","","","","","","","","","","","","","","","","","","","","","","","","","","","","","","",
"Jamaica","JAM","Use of insecticide-treated bed nets (% of under-5 population)","SH.MLR.NETS.ZS","","","","","","","","","","","","","","","","","","","","","","","","","","","","","","","","","","","","","","","","","","","","","","","","","","","","","","","","","","","","",
"Jordan","JOR","Use of insecticide-treated bed nets (% of under-5 population)","SH.MLR.NETS.ZS","","","","","","","","","","","","","","","","","","","","","","","","","","","","","","","","","","","","","","","","","","","","","","","","","","","","","","","","","","","","",
"Japan","JPN","Use of insecticide-treated bed nets (% of under-5 population)","SH.MLR.NETS.ZS","","","","","","","","","","","","","","","","","","","","","","","","","","","","","","","","","","","","","","","","","","","","","","","","","","","","","","","","","","","","",
"Kazakhstan","KAZ","Use of insecticide-treated bed nets (% of under-5 population)","SH.MLR.NETS.ZS","","","","","","","","","","","","","","","","","","","","","","","","","","","","","","","","","","","","","","","","","","","","","","","","","","","","","","","","","","","","",
"Kenya","KEN","Use of insecticide-treated bed nets (% of under-5 population)","SH.MLR.NETS.ZS","","","","","","","","","","","","","","","","","","","","","","","","","","","","","","","","","","","","","","","","","3","","","4.6","","","","","","46.7","42.2","","","","54.1","56.1","","","","",
"Kyrgyz Republic","KGZ","Use of insecticide-treated bed nets (% of under-5 population)","SH.MLR.NETS.ZS","","","","","","","","","","","","","","","","","","","","","","","","","","","","","","","","","","","","","","","","","","","","","","","","","","","","","","","","","","","","",
"Cambodia","KHM","Use of insecticide-treated bed nets (% of under-5 population)","SH.MLR.NETS.ZS","","","","","","","","","","","","","","","","","","","","","","","","","","","","","","","","","","","","","","","","","","","","","","","4","","","","","","","","","","","","","",
"Kiribati","KIR","Use of insecticide-treated bed nets (% of under-5 population)","SH.MLR.NETS.ZS","","","","","","","","","","","","","","","","","","","","","","","","","","","","","","","","","","","","","","","","","","","","","","","","","","","","","","","","","","","","",
"St. Kitts and Nevis","KNA","Use of insecticide-treated bed nets (% of under-5 population)","SH.MLR.NETS.ZS","","","","","","","","","","","","","","","","","","","","","","","","","","","","","","","","","","","","","","","","","","","","","","","","","","","","","","","","","","","","",
"Korea, Rep.","KOR","Use of insecticide-treated bed nets (% of under-5 population)","SH.MLR.NETS.ZS","","","","","","","","","","","","","","","","","","","","","","","","","","","","","","","","","","","","","","","","","","","","","","","","","","","","","","","","","","","","",
"Kuwait","KWT","Use of insecticide-treated bed nets (% of under-5 population)","SH.MLR.NETS.ZS","","","","","","","","","","","","","","","","","","","","","","","","","","","","","","","","","","","","","","","","","","","","","","","","","","","","","","","","","","","","",
"Latin America & Caribbean (excluding high income)","LAC","Use of insecticide-treated bed nets (% of under-5 population)","SH.MLR.NETS.ZS","","","","","","","","","","","","","","","","","","","","","","","","","","","","","","","","","","","","","","","","","","","","","","","","","","","","","","","","","","","","",
"Lao PDR","LAO","Use of insecticide-treated bed nets (% of under-5 population)","SH.MLR.NETS.ZS","","","","","","","","","","","","","","","","","","","","","","","","","","","","","","","","","","","","","","","","","18","","","","","","41","","","","","","43.2","","","","","49.8","","",
"Lebanon","LBN","Use of insecticide-treated bed nets (% of under-5 population)","SH.MLR.NETS.ZS","","","","","","","","","","","","","","","","","","","","","","","","","","","","","","","","","","","","","","","","","","","","","","","","","","","","","","","","","","","","",
"Liberia","LBR","Use of insecticide-treated bed nets (% of under-5 population)","SH.MLR.NETS.ZS","","","","","","","","","","","","","","","","","","","","","","","","","","","","","","","","","","","","","","","","","","","","","","","","","","26","","37.1","","38.1","","","43.7","","","",
"Libya","LBY","Use of insecticide-treated bed nets (% of under-5 population)","SH.MLR.NETS.ZS","","","","","","","","","","","","","","","","","","","","","","","","","","","","","","","","","","","","","","","","","","","","","","","","","","","","","","","","","","","","",
"St. Lucia","LCA","Use of insecticide-treated bed nets (% of under-5 population)","SH.MLR.NETS.ZS","","","","","","","","","","","","","","","","","","","","","","","","","","","","","","","","","","","","","","","","","","","","","","","","","","","","","","","","","","","","",
"Latin America & Caribbean","LCN","Use of insecticide-treated bed nets (% of under-5 population)","SH.MLR.NETS.ZS","","","","","","","","","","","","","","","","","","","","","","","","","","","","","","","","","","","","","","","","","","","","","","","","","","","","","","","","","","","","",
"Least developed countries: UN classification","LDC","Use of insecticide-treated bed nets (% of under-5 population)","SH.MLR.NETS.ZS","","","","","","","","","","","","","","","","","","","","","","","","","","","","","","","","","","","","","","","","","","","","","","","","","","","","","","","","49.261529469052","","","","",
"Low income","LIC","Use of insecticide-treated bed nets (% of under-5 population)","SH.MLR.NETS.ZS","","","","","","","","","","","","","","","","","","","","","","","","","","","","","","","","","","","","","","","","","","","","","","","","","","","","","","","","53.7136978217543","","","","",
"Liechtenstein","LIE","Use of insecticide-treated bed nets (% of under-5 population)","SH.MLR.NETS.ZS","","","","","","","","","","","","","","","","","","","","","","","","","","","","","","","","","","","","","","","","","","","","","","","","","","","","","","","","","","","","",
"Sri Lanka","LKA","Use of insecticide-treated bed nets (% of under-5 population)","SH.MLR.NETS.ZS","","","","","","","","","","","","","","","","","","","","","","","","","","","","","","","","","","","","","","","","","","","","","","","","2.9","","","","","","","","","","","","",
"Lower middle income","LMC","Use of insecticide-treated bed nets (% of under-5 population)","SH.MLR.NETS.ZS","","","","","","","","","","","","","","","","","","","","","","","","","","","","","","","","","","","","","","","","","","","","","","","","","","","","","","","","18.021622364825","","","","",
"Low & middle income","LMY","Use of insecticide-treated bed nets (% of under-5 population)","SH.MLR.NETS.ZS","","","","","","","","","","","","","","","","","","","","","","","","","","","","","","","","","","","","","","","","","","","","","","","","","","","","","","","","","","","","",
"Lesotho","LSO","Use of insecticide-treated bed nets (% of under-5 population)","SH.MLR.NETS.ZS","","","","","","","","","","","","","","","","","","","","","","","","","","","","","","","","","","","","","","","","","","","","","","","","","","","","","","","","","","","","",
"Late-demographic dividend","LTE","Use of insecticide-treated bed nets (% of under-5 population)","SH.MLR.NETS.ZS","","","","","","","","","","","","","","","","","","","","","","","","","","","","","","","","","","","","","","","","","","","","","","","","","","","","","","","","","","","","",
"Lithuania","LTU","Use of insecticide-treated bed nets (% of under-5 population)","SH.MLR.NETS.ZS","","","","","","","","","","","","","","","","","","","","","","","","","","","","","","","","","","","","","","","","","","","","","","","","","","","","","","","","","","","","",
"Luxembourg","LUX","Use of insecticide-treated bed nets (% of under-5 population)","SH.MLR.NETS.ZS","","","","","","","","","","","","","","","","","","","","","","","","","","","","","","","","","","","","","","","","","","","","","","","","","","","","","","","","","","","","",
"Latvia","LVA","Use of insecticide-treated bed nets (% of under-5 population)","SH.MLR.NETS.ZS","","","","","","","","","","","","","","","","","","","","","","","","","","","","","","","","","","","","","","","","","","","","","","","","","","","","","","","","","","","","",
"Macao SAR, China","MAC","Use of insecticide-treated bed nets (% of under-5 population)","SH.MLR.NETS.ZS","","","","","","","","","","","","","","","","","","","","","","","","","","","","","","","","","","","","","","","","","","","","","","","","","","","","","","","","","","","","",
"St. Martin (French part)","MAF","Use of insecticide-treated bed nets (% of under-5 population)","SH.MLR.NETS.ZS","","","","","","","","","","","","","","","","","","","","","","","","","","","","","","","","","","","","","","","","","","","","","","","","","","","","","","","","","","","","",
"Morocco","MAR","Use of insecticide-treated bed nets (% of under-5 population)","SH.MLR.NETS.ZS","","","","","","","","","","","","","","","","","","","","","","","","","","","","","","","","","","","","","","","","","","","","","","","","","","","","","","","","","","","","",
"Monaco","MCO","Use of insecticide-treated bed nets (% of under-5 population)","SH.MLR.NETS.ZS","","","","","","","","","","","","","","","","","","","","","","","","","","","","","","","","","","","","","","","","","","","","","","","","","","","","","","","","","","","","",
"Moldova","MDA","Use of insecticide-treated bed nets (% of under-5 population)","SH.MLR.NETS.ZS","","","","","","","","","","","","","","","","","","","","","","","","","","","","","","","","","","","","","","","","","","","","","","","","","","","","","","","","","","","","",
"Madagascar","MDG","Use of insecticide-treated bed nets (% of under-5 population)","SH.MLR.NETS.ZS","","","","","","","","","","","","","","","","","","","","","","","","","","","","","","","","","","","","","","","","","0","","","","","","","","","46","","76.5","","61.5","","","73.4","","","",
"Maldives","MDV","Use of insecticide-treated bed nets (% of under-5 population)","SH.MLR.NETS.ZS","","","","","","","","","","","","","","","","","","","","","","","","","","","","","","","","","","","","","","","","","","","","","","","","","","","","","","","","","","","","",
"Middle East & North Africa","MEA","Use of insecticide-treated bed nets (% of under-5 population)","SH.MLR.NETS.ZS","","","","","","","","","","","","","","","","","","","","","","","","","","","","","","","","","","","","","","","","","","","","","","","","","","","","","","","","","","","","",
"Mexico","MEX","Use of insecticide-treated bed nets (% of under-5 population)","SH.MLR.NETS.ZS","","","","","","","","","","","","","","","","","","","","","","","","","","","","","","","","","","","","","","","","","","","","","","","","","","","","","","","","","","","","",
"Marshall Islands","MHL","Use of insecticide-treated bed nets (% of under-5 population)","SH.MLR.NETS.ZS","","","","","","","","","","","","","","","","","","","","","","","","","","","","","","","","","","","","","","","","","","","","","","","","","","","","","","","","","","","","",
"Middle income","MIC","Use of insecticide-treated bed nets (% of under-5 population)","SH.MLR.NETS.ZS","","","","","","","","","","","","","","","","","","","","","","","","","","","","","","","","","","","","","","","","","","","","","","","","","","","","","","","","","","","","",
"North Macedonia","MKD","Use of insecticide-treated bed nets (% of under-5 population)","SH.MLR.NETS.ZS","","","","","","","","","","","","","","","","","","","","","","","","","","","","","","","","","","","","","","","","","","","","","","","","","","","","","","","","","","","","",
"Mali","MLI","Use of insecticide-treated bed nets (% of under-5 population)","SH.MLR.NETS.ZS","","","","","","","","","","","","","","","","","","","","","","","","","","","","","","","","","","","","","","","","","","","","8.3999996185","","","27","","","","45.6","","","69","","79.3","","","73.2","",
"Malta","MLT","Use of insecticide-treated bed nets (% of under-5 population)","SH.MLR.NETS.ZS","","","","","","","","","","","","","","","","","","","","","","","","","","","","","","","","","","","","","","","","","","","","","","","","","","","","","","","","","","","","",
"Myanmar","MMR","Use of insecticide-treated bed nets (% of under-5 population)","SH.MLR.NETS.ZS","","","","","","","","","","","","","","","","","","","","","","","","","","","","","","","","","","","","","","","","","","","","","","","","","","","11.1","","","","","","18.6","","","",
"Middle East & North Africa (excluding high income)","MNA","Use of insecticide-treated bed nets (% of under-5 population)","SH.MLR.NETS.ZS","","","","","","","","","","","","","","","","","","","","","","","","","","","","","","","","","","","","","","","","","","","","","","","","","","","","","","","","","","","","",
"Montenegro","MNE","Use of insecticide-treated bed nets (% of under-5 population)","SH.MLR.NETS.ZS","","","","","","","","","","","","","","","","","","","","","","","","","","","","","","","","","","","","","","","","","","","","","","","","","","","","","","","","","","","","",
"Mongolia","MNG","Use of insecticide-treated bed nets (% of under-5 population)","SH.MLR.NETS.ZS","","","","","","","","","","","","","","","","","","","","","","","","","","","","","","","","","","","","","","","","","","","","","","","","","","","","","","","","","","","","",
"Northern Mariana Islands","MNP","Use of insecticide-treated bed nets (% of under-5 population)","SH.MLR.NETS.ZS","","","","","","","","","","","","","","","","","","","","","","","","","","","","","","","","","","","","","","","","","","","","","","","","","","","","","","","","","","","","",
"Mozambique","MOZ","Use of insecticide-treated bed nets (% of under-5 population)","SH.MLR.NETS.ZS","","","","","","","","","","","","","","","","","","","","","","","","","","","","","","","","","","","","","","","","","","","","","","","","7","22.8","","","35.7","","","","47.9","","","72.7","",
"Mauritania","MRT","Use of insecticide-treated bed nets (% of under-5 population)","SH.MLR.NETS.ZS","","","","","","","","","","","","","","","","","","","","","","","","","","","","","","","","","","","","","","","","","","","","","2","","","","","","","18.7","","","","32.1","","","","",
"Mauritius","MUS","Use of insecticide-treated bed nets (% of under-5 population)","SH.MLR.NETS.ZS","","","","","","","","","","","","","","","","","","","","","","","","","","","","","","","","","","","","","","","","","","","","","","","","","","","","","","","","","","","","",
"Malawi","MWI","Use of insecticide-treated bed nets (% of under-5 population)","SH.MLR.NETS.ZS","","","","","","","","","","","","","","","","","","","","","","","","","","","","","","","","","","","","","","","","","3","","","","14.8","15","25","","","","39.4","","56","","65.5","","42.7","67.5","","",
"Malaysia","MYS","Use of insecticide-treated bed nets (% of under-5 population)","SH.MLR.NETS.ZS","","","","","","","","","","","","","","","","","","","","","","","","","","","","","","","","","","","","","","","","","","","","","","","","","","","","","","","","","","","","",
"North America","NAC","Use of insecticide-treated bed nets (% of under-5 population)","SH.MLR.NETS.ZS","","","","","","","","","","","","","","","","","","","","","","","","","","","","","","","","","","","","","","","","","","","","","","","","","","","","","","","","","","","","",
"Namibia","NAM","Use of insecticide-treated bed nets (% of under-5 population)","SH.MLR.NETS.ZS","","","","","","","","","","","","","","","","","","","","","","","","","","","","","","","","","","","","","","","","","3.4000000954","","","","","","10.5","11","","34","","","","5.6","","","","","","",
"New Caledonia","NCL","Use of insecticide-treated bed nets (% of under-5 population)","SH.MLR.NETS.ZS","","","","","","","","","","","","","","","","","","","","","","","","","","","","","","","","","","","","","","","","","","","","","","","","","","","","","","","","","","","","",
"Niger","NER","Use of insecticide-treated bed nets (% of under-5 population)","SH.MLR.NETS.ZS","","","","","","","","","","","","","","","","","","","","","","","","","","","","","","","","","","","","","","","","","1","","","","","","7","","","43","63.7","","20.1","","","95.5","","","","",
"Nigeria","NGA","Use of insecticide-treated bed nets (% of under-5 population)","SH.MLR.NETS.ZS","","","","","","","","","","","","","","","","","","","","","","","","","","","","","","","","","","","","","","","","","","","","1","","","","","6","","29.4","16.4","","16.6","25.4","43.6","","49.1","52.2","",
"Nicaragua","NIC","Use of insecticide-treated bed nets (% of under-5 population)","SH.MLR.NETS.ZS","","","","","","","","","","","","","","","","","","","","","","","","","","","","","","","","","","","","","","","","","","","","","","","","","","","","","","","","","","","","",
"Netherlands","NLD","Use of insecticide-treated bed nets (% of under-5 population)","SH.MLR.NETS.ZS","","","","","","","","","","","","","","","","","","","","","","","","","","","","","","","","","","","","","","","","","","","","","","","","","","","","","","","","","","","","",
"Norway","NOR","Use of insecticide-treated bed nets (% of under-5 population)","SH.MLR.NETS.ZS","","","","","","","","","","","","","","","","","","","","","","","","","","","","","","","","","","","","","","","","","","","","","","","","","","","","","","","","","","","","",
"Nepal","NPL","Use of insecticide-treated bed nets (% of under-5 population)","SH.MLR.NETS.ZS","","","","","","","","","","","","","","","","","","","","","","","","","","","","","","","","","","","","","","","","","","","","","","","","","","","","","","","","","","","","",
"Nauru","NRU","Use of insecticide-treated bed nets (% of under-5 population)","SH.MLR.NETS.ZS","","","","","","","","","","","","","","","","","","","","","","","","","","","","","","","","","","","","","","","","","","","","","","","","","","","","","","","","","","","","",
"New Zealand","NZL","Use of insecticide-treated bed nets (% of under-5 population)","SH.MLR.NETS.ZS","","","","","","","","","","","","","","","","","","","","","","","","","","","","","","","","","","","","","","","","","","","","","","","","","","","","","","","","","","","","",
"OECD members","OED","Use of insecticide-treated bed nets (% of under-5 population)","SH.MLR.NETS.ZS","","","","","","","","","","","","","","","","","","","","","","","","","","","","","","","","","","","","","","","","","","","","","","","","","","","","","","","","","","","","",
"Oman","OMN","Use of insecticide-treated bed nets (% of under-5 population)","SH.MLR.NETS.ZS","","","","","","","","","","","","","","","","","","","","","","","","","","","","","","","","","","","","","","","","","","","","","","","","","","","","","","","","","","","","",
"Other small states","OSS","Use of insecticide-treated bed nets (% of under-5 population)","SH.MLR.NETS.ZS","","","","","","","","","","","","","","","","","","","","","","","","","","","","","","","","","","","","","","","","","","","","","","","","","","","","","","","","","","","","",
"Pakistan","PAK","Use of insecticide-treated bed nets (% of under-5 population)","SH.MLR.NETS.ZS","","","","","","","","","","","","","","","","","","","","","","","","","","","","","","","","","","","","","","","","","","","","","","","","0.2","","","","","","","","","","","0.4","",
"Panama","PAN","Use of insecticide-treated bed nets (% of under-5 population)","SH.MLR.NETS.ZS","","","","","","","","","","","","","","","","","","","","","","","","","","","","","","","","","","","","","","","","","","","","","","","","","","","","","","","","","","","","",
"Peru","PER","Use of insecticide-treated bed nets (% of under-5 population)","SH.MLR.NETS.ZS","","","","","","","","","","","","","","","","","","","","","","","","","","","","","","","","","","","","","","","","","","","","","","","","","","","","","","","","","","","","",
"Philippines","PHL","Use of insecticide-treated bed nets (% of under-5 population)","SH.MLR.NETS.ZS","","","","","","","","","","","","","","","","","","","","","","","","","","","","","","","","","","","","","","","","","","","","","","","","","","","","","","","","","","","","",
"Palau","PLW","Use of insecticide-treated bed nets (% of under-5 population)","SH.MLR.NETS.ZS","","","","","","","","","","","","","","","","","","","","","","","","","","","","","","","","","","","","","","","","","","","","","","","","","","","","","","","","","","","","",
"Papua New Guinea","PNG","Use of insecticide-treated bed nets (% of under-5 population)","SH.MLR.NETS.ZS","","","","","","","","","","","","","","","","","","","","","","","","","","","","","","","","","","","","","","","","","","","","","","","","","","","","","","","","","","","51.5","",
"Poland","POL","Use of insecticide-treated bed nets (% of under-5 population)","SH.MLR.NETS.ZS","","","","","","","","","","","","","","","","","","","","","","","","","","","","","","","","","","","","","","","","","","","","","","","","","","","","","","","","","","","","",
"Pre-demographic dividend","PRE","Use of insecticide-treated bed nets (% of under-5 population)","SH.MLR.NETS.ZS","","","","","","","","","","","","","","","","","","","","","","","","","","","","","","","","","","","","","","","","","","","","","","","","","","","","","","","","52.3092272051238","","","","",
"Puerto Rico","PRI","Use of insecticide-treated bed nets (% of under-5 population)","SH.MLR.NETS.ZS","","","","","","","","","","","","","","","","","","","","","","","","","","","","","","","","","","","","","","","","","","","","","","","","","","","","","","","","","","","","",
"Korea, Dem. People’s Rep.","PRK","Use of insecticide-treated bed nets (% of under-5 population)","SH.MLR.NETS.ZS","","","","","","","","","","","","","","","","","","","","","","","","","","","","","","","","","","","","","","","","","","","","","","","","","","","","","","","","","","","","",
"Portugal","PRT","Use of insecticide-treated bed nets (% of under-5 population)","SH.MLR.NETS.ZS","","","","","","","","","","","","","","","","","","","","","","","","","","","","","","","","","","","","","","","","","","","","","","","","","","","","","","","","","","","","",
"Paraguay","PRY","Use of insecticide-treated bed nets (% of under-5 population)","SH.MLR.NETS.ZS","","","","","","","","","","","","","","","","","","","","","","","","","","","","","","","","","","","","","","","","","","","","","","","","","","","","","","","","","","","","",
"West Bank and Gaza","PSE","Use of insecticide-treated bed nets (% of under-5 population)","SH.MLR.NETS.ZS","","","","","","","","","","","","","","","","","","","","","","","","","","","","","","","","","","","","","","","","","","","","","","","","","","","","","","","","","","","","",
"Pacific island small states","PSS","Use of insecticide-treated bed nets (% of under-5 population)","SH.MLR.NETS.ZS","","","","","","","","","","","","","","","","","","","","","","","","","","","","","","","","","","","","","","","","","","","","","","","","","","","","","","","","","","","","",
"Post-demographic dividend","PST","Use of insecticide-treated bed nets (% of under-5 population)","SH.MLR.NETS.ZS","","","","","","","","","","","","","","","","","","","","","","","","","","","","","","","","","","","","","","","","","","","","","","","","","","","","","","","","","","","","",
"French Polynesia","PYF","Use of insecticide-treated bed nets (% of under-5 population)","SH.MLR.NETS.ZS","","","","","","","","","","","","","","","","","","","","","","","","","","","","","","","","","","","","","","","","","","","","","","","","","","","","","","","","","","","","",
"Qatar","QAT","Use of insecticide-treated bed nets (% of under-5 population)","SH.MLR.NETS.ZS","","","","","","","","","","","","","","","","","","","","","","","","","","","","","","","","","","","","","","","","","","","","","","","","","","","","","","","","","","","","",
"Romania","ROU","Use of insecticide-treated bed nets (% of under-5 population)","SH.MLR.NETS.ZS","","","","","","","","","","","","","","","","","","","","","","","","","","","","","","","","","","","","","","","","","","","","","","","","","","","","","","","","","","","","",
"Russian Federation","RUS","Use of insecticide-treated bed nets (% of under-5 population)","SH.MLR.NETS.ZS","","","","","","","","","","","","","","","","","","","","","","","","","","","","","","","","","","","","","","","","","","","","","","","","","","","","","","","","","","","","",
"Rwanda","RWA","Use of insecticide-treated bed nets (% of under-5 population)","SH.MLR.NETS.ZS","","","","","","","","","","","","","","","","","","","","","","","","","","","","","","","","","","","","","","","","","4","","","","","13","","","56","","69.6","69.6","","74.1","","67.7","","68","","",
"South Asia","SAS","Use of insecticide-treated bed nets (% of under-5 population)","SH.MLR.NETS.ZS","","","","","","","","","","","","","","","","","","","","","","","","","","","","","","","","","","","","","","","","","","","","","","","","","","","","","","","","3.87679226724671","","","","",
"Saudi Arabia","SAU","Use of insecticide-treated bed nets (% of under-5 population)","SH.MLR.NETS.ZS","","","","","","","","","","","","","","","","","","","","","","","","","","","","","","","","","","","","","","","","","","","","","","","","","","","","","","","","","","","","",
"Sudan","SDN","Use of insecticide-treated bed nets (% of under-5 population)","SH.MLR.NETS.ZS","","","","","","","","","","","","","","","","","","","","","","","","","","","","","","","","","","","","","","","","","0.400000006","","","","","","30","","","25.3","","","","","","","","","","",
"Senegal","SEN","Use of insecticide-treated bed nets (% of under-5 population)","SH.MLR.NETS.ZS","","","","","","","","","","","","","","","","","","","","","","","","","","","","","","","","","","","","","","","","","2","","","","","7","16","","","29","","34.5","","45.8","43.2","55.4","66.6","60.7","","",
"Singapore","SGP","Use of insecticide-treated bed nets (% of under-5 population)","SH.MLR.NETS.ZS","","","","","","","","","","","","","","","","","","","","","","","","","","","","","","","","","","","","","","","","","","","","","","","","","","","","","","","","","","","","",
"Solomon Islands","SLB","Use of insecticide-treated bed nets (% of under-5 population)","SH.MLR.NETS.ZS","","","","","","","","","","","","","","","","","","","","","","","","","","","","","","","","","","","","","","","","53","","","42","","","","","40","","","","","","","","69.6","","","","",
"Sierra Leone","SLE","Use of insecticide-treated bed nets (% of under-5 population)","SH.MLR.NETS.ZS","","","","","","","","","","","","","","","","","","","","","","","","","","","","","","","","","","","","","","","","","2","","","","","5","","","26","","30.3","","","49","","","44.1","59.5","","",
"El Salvador","SLV","Use of insecticide-treated bed nets (% of under-5 population)","SH.MLR.NETS.ZS","","","","","","","","","","","","","","","","","","","","","","","","","","","","","","","","","","","","","","","","","","","","","","","","","","","","","","","","","","","","",
"San Marino","SMR","Use of insecticide-treated bed nets (% of under-5 population)","SH.MLR.NETS.ZS","","","","","","","","","","","","","","","","","","","","","","","","","","","","","","","","","","","","","","","","","","","","","","","","","","","","","","","","","","","","",
"Somalia","SOM","Use of insecticide-treated bed nets (% of under-5 population)","SH.MLR.NETS.ZS","","","","","","","","","","","","","","","","","","","","","","","","","","","","","","","","","","","","","","","","0.3000000119","","","","","","","11","","","","","","","","","","","","","",
"Serbia","SRB","Use of insecticide-treated bed nets (% of under-5 population)","SH.MLR.NETS.ZS","","","","","","","","","","","","","","","","","","","","","","","","","","","","","","","","","","","","","","","","","","","","","","","","","","","","","","","","","","","","",
"Sub-Saharan Africa (excluding high income)","SSA","Use of insecticide-treated bed nets (% of under-5 population)","SH.MLR.NETS.ZS","","","","","","","","","","","","","","","","","","","","","","","","","","","","","","","","","","","","","","","","","","","","","","","","","","","","","","","","52.6328930434548","","","","",
"South Sudan","SSD","Use of insecticide-treated bed nets (% of under-5 population)","SH.MLR.NETS.ZS","","","","","","","","","","","","","","","","","","","","","","","","","","","","","","","","","","","","","","","","","","","","","","","21","","","25.3","","","","45.8","","","","","","",
"Sub-Saharan Africa","SSF","Use of insecticide-treated bed nets (% of under-5 population)","SH.MLR.NETS.ZS","","","","","","","","","","","","","","","","","","","","","","","","","","","","","","","","","","","","","","","","","","","","","","","","","","","","","","","","52.6328930434548","","","","",
"Small states","SST","Use of insecticide-treated bed nets (% of under-5 population)","SH.MLR.NETS.ZS","","","","","","","","","","","","","","","","","","","","","","","","","","","","","","","","","","","","","","","","","","","","","","","","","","","","","","","","","","","","",
"Sao Tome and Principe","STP","Use of insecticide-treated bed nets (% of under-5 population)","SH.MLR.NETS.ZS","","","","","","","","","","","","","","","","","","","","","","","","","","","","","","","","","","","","","","","","","23","","","","","","42","","","56","","","","","61.1","","","","","",
"Suriname","SUR","Use of insecticide-treated bed nets (% of under-5 population)","SH.MLR.NETS.ZS","","","","","","","","","","","","","","","","","","","","","","","","","","","","","","","","","","","","","","","","","3","","","","","","","","","","43.4","","","","","","","","","",
"Slovak Republic","SVK","Use of insecticide-treated bed nets (% of under-5 population)","SH.MLR.NETS.ZS","","","","","","","","","","","","","","","","","","","","","","","","","","","","","","","","","","","","","","","","","","","","","","","","","","","","","","","","","","","","",
"Slovenia","SVN","Use of insecticide-treated bed nets (% of under-5 population)","SH.MLR.NETS.ZS","","","","","","","","","","","","","","","","","","","","","","","","","","","","","","","","","","","","","","","","","","","","","","","","","","","","","","","","","","","","",
"Sweden","SWE","Use of insecticide-treated bed nets (% of under-5 population)","SH.MLR.NETS.ZS","","","","","","","","","","","","","","","","","","","","","","","","","","","","","","","","","","","","","","","","","","","","","","","","","","","","","","","","","","","","",
"Eswatini","SWZ","Use of insecticide-treated bed nets (% of under-5 population)","SH.MLR.NETS.ZS","","","","","","","","","","","","","","","","","","","","","","","","","","","","","","","","","","","","","","","","","0","","","","","","","1","","","1.5","","","","","","","","","",
"Sint Maarten (Dutch part)","SXM","Use of insecticide-treated bed nets (% of under-5 population)","SH.MLR.NETS.ZS","","","","","","","","","","","","","","","","","","","","","","","","","","","","","","","","","","","","","","","","","","","","","","","","","","","","","","","","","","","","",
"Seychelles","SYC","Use of insecticide-treated bed nets (% of under-5 population)","SH.MLR.NETS.ZS","","","","","","","","","","","","","","","","","","","","","","","","","","","","","","","","","","","","","","","","","","","","","","","","","","","","","","","","","","","","",
"Syrian Arab Republic","SYR","Use of insecticide-treated bed nets (% of under-5 population)","SH.MLR.NETS.ZS","","","","","","","","","","","","","","","","","","","","","","","","","","","","","","","","","","","","","","","","","","","","","","","","","","","","","","","","","","","","",
"Turks and Caicos Islands","TCA","Use of insecticide-treated bed nets (% of under-5 population)","SH.MLR.NETS.ZS","","","","","","","","","","","","","","","","","","","","","","","","","","","","","","","","","","","","","","","","","","","","","","","","","","","","","","","","","","","","",
"Chad","TCD","Use of insecticide-treated bed nets (% of under-5 population)","SH.MLR.NETS.ZS","","","","","","","","","","","","","","","","","","","","","","","","","","","","","","","","","","","","","","","","","1","","","","","","","","","","9.8","","","","","36.4","","","","",
"East Asia & Pacific (IDA & IBRD countries)","TEA","Use of insecticide-treated bed nets (% of under-5 population)","SH.MLR.NETS.ZS","","","","","","","","","","","","","","","","","","","","","","","","","","","","","","","","","","","","","","","","","","","","","","","","","","","","","","","","","","","","",
"Europe & Central Asia (IDA & IBRD countries)","TEC","Use of insecticide-treated bed nets (% of under-5 population)","SH.MLR.NETS.ZS","","","","","","","","","","","","","","","","","","","","","","","","","","","","","","","","","","","","","","","","","","","","","","","","","","","","","","","","","","","","",
"Togo","TGO","Use of insecticide-treated bed nets (% of under-5 population)","SH.MLR.NETS.ZS","","","","","","","","","","","","","","","","","","","","","","","","","","","","","","","","","","","","","","","","","2","","","","","","38","","","","57.1","","","","42.8","","","69.7","","",
"Thailand","THA","Use of insecticide-treated bed nets (% of under-5 population)","SH.MLR.NETS.ZS","","","","","","","","","","","","","","","","","","","","","","","","","","","","","","","","","","","","","","","","","","","","","","","","","","","","","","","","","","","","",
"Tajikistan","TJK","Use of insecticide-treated bed nets (% of under-5 population)","SH.MLR.NETS.ZS","","","","","","","","","","","","","","","","","","","","","","","","","","","","","","","","","","","","","","","","","1.8999999762","","","","","1","","","","","","","","","","","","","","",
"Turkmenistan","TKM","Use of insecticide-treated bed nets (% of under-5 population)","SH.MLR.NETS.ZS","","","","","","","","","","","","","","","","","","","","","","","","","","","","","","","","","","","","","","","","","","","","","","","","","","","","","","","","","","","","",
"Latin America & the Caribbean (IDA & IBRD countries)","TLA","Use of insecticide-treated bed nets (% of under-5 population)","SH.MLR.NETS.ZS","","","","","","","","","","","","","","","","","","","","","","","","","","","","","","","","","","","","","","","","","","","","","","","","","","","","","","","","","","","","",
"Timor-Leste","TLS","Use of insecticide-treated bed nets (% of under-5 population)","SH.MLR.NETS.ZS","","","","","","","","","","","","","","","","","","","","","","","","","","","","","","","","","","","","","","","","","","","8","","","","","","","","41","","","","","","55.4","","","",
"Middle East & North Africa (IDA & IBRD countries)","TMN","Use of insecticide-treated bed nets (% of under-5 population)","SH.MLR.NETS.ZS","","","","","","","","","","","","","","","","","","","","","","","","","","","","","","","","","","","","","","","","","","","","","","","","","","","","","","","","","","","","",
"Tonga","TON","Use of insecticide-treated bed nets (% of under-5 population)","SH.MLR.NETS.ZS","","","","","","","","","","","","","","","","","","","","","","","","","","","","","","","","","","","","","","","","","","","","","","","","","","","","","","","","","","","","",
"South Asia (IDA & IBRD)","TSA","Use of insecticide-treated bed nets (% of under-5 population)","SH.MLR.NETS.ZS","","","","","","","","","","","","","","","","","","","","","","","","","","","","","","","","","","","","","","","","","","","","","","","","","","","","","","","","3.87679226724671","","","","",
"Sub-Saharan Africa (IDA & IBRD countries)","TSS","Use of insecticide-treated bed nets (% of under-5 population)","SH.MLR.NETS.ZS","","","","","","","","","","","","","","","","","","","","","","","","","","","","","","","","","","","","","","","","","","","","","","","","","","","","","","","","52.6328930434548","","","","",
"Trinidad and Tobago","TTO","Use of insecticide-treated bed nets (% of under-5 population)","SH.MLR.NETS.ZS","","","","","","","","","","","","","","","","","","","","","","","","","","","","","","","","","","","","","","","","","","","","","","","","","","","","","","","","","","","","",
"Tunisia","TUN","Use of insecticide-treated bed nets (% of under-5 population)","SH.MLR.NETS.ZS","","","","","","","","","","","","","","","","","","","","","","","","","","","","","","","","","","","","","","","","","","","","","","","","","","","","","","","","","","","","",
"Turkey","TUR","Use of insecticide-treated bed nets (% of under-5 population)","SH.MLR.NETS.ZS","","","","","","","","","","","","","","","","","","","","","","","","","","","","","","","","","","","","","","","","","","","","","","","","","","","","","","","","","","","","",
"Tuvalu","TUV","Use of insecticide-treated bed nets (% of under-5 population)","SH.MLR.NETS.ZS","","","","","","","","","","","","","","","","","","","","","","","","","","","","","","","","","","","","","","","","","","","","","","","","","","","","","","","","","","","","",
"Tanzania","TZA","Use of insecticide-treated bed nets (% of under-5 population)","SH.MLR.NETS.ZS","","","","","","","","","","","","","","","","","","","","","","","","","","","","","","","","","","","","","","","","2","","","","","10","16","","","26","","63.6","","72","","","","54.4","54.6","","",
"Uganda","UGA","Use of insecticide-treated bed nets (% of under-5 population)","SH.MLR.NETS.ZS","","","","","","","","","","","","","","","","","","","","","","","","","","","","","","","","","","","","","","","","","","0","","","","","10","","","32.8","","42.8","","","","74.3","62","","","",
"Ukraine","UKR","Use of insecticide-treated bed nets (% of under-5 population)","SH.MLR.NETS.ZS","","","","","","","","","","","","","","","","","","","","","","","","","","","","","","","","","","","","","","","","","","","","","","","","","","","","","","","","","","","","",
"Upper middle income","UMC","Use of insecticide-treated bed nets (% of under-5 population)","SH.MLR.NETS.ZS","","","","","","","","","","","","","","","","","","","","","","","","","","","","","","","","","","","","","","","","","","","","","","","","","","","","","","","","","","","","",
"Uruguay","URY","Use of insecticide-treated bed nets (% of under-5 population)","SH.MLR.NETS.ZS","","","","","","","","","","","","","","","","","","","","","","","","","","","","","","","","","","","","","","","","","","","","","","","","","","","","","","","","","","","","",
"United States","USA","Use of insecticide-treated bed nets (% of under-5 population)","SH.MLR.NETS.ZS","","","","","","","","","","","","","","","","","","","","","","","","","","","","","","","","","","","","","","","","","","","","","","","","","","","","","","","","","","","","",
"Uzbekistan","UZB","Use of insecticide-treated bed nets (% of under-5 population)","SH.MLR.NETS.ZS","","","","","","","","","","","","","","","","","","","","","","","","","","","","","","","","","","","","","","","","","","","","","","","","","","","","","","","","","","","","",
"St. Vincent and the Grenadines","VCT","Use of insecticide-treated bed nets (% of under-5 population)","SH.MLR.NETS.ZS","","","","","","","","","","","","","","","","","","","","","","","","","","","","","","","","","","","","","","","","","","","","","","","","","","","","","","","","","","","","",
"Venezuela, RB","VEN","Use of insecticide-treated bed nets (% of under-5 population)","SH.MLR.NETS.ZS","","","","","","","","","","","","","","","","","","","","","","","","","","","","","","","","","","","","","","","","","","","","","","","","","","","","","","","","","","","","",
"British Virgin Islands","VGB","Use of insecticide-treated bed nets (% of under-5 population)","SH.MLR.NETS.ZS","","","","","","","","","","","","","","","","","","","","","","","","","","","","","","","","","","","","","","","","","","","","","","","","","","","","","","","","","","","","",
"Virgin Islands (U.S.)","VIR","Use of insecticide-treated bed nets (% of under-5 population)","SH.MLR.NETS.ZS","","","","","","","","","","","","","","","","","","","","","","","","","","","","","","","","","","","","","","","","","","","","","","","","","","","","","","","","","","","","",
"Vietnam","VNM","Use of insecticide-treated bed nets (% of under-5 population)","SH.MLR.NETS.ZS","","","","","","","","","","","","","","","","","","","","","","","","","","","","","","","","","","","","","","","","","16","","","","","13","5","","","","","9.4","","","","","","","","",
"Vanuatu","VUT","Use of insecticide-treated bed nets (% of under-5 population)","SH.MLR.NETS.ZS","","","","","","","","","","","","","","","","","","","","","","","","","","","","","","","","","","","","","","","","","","","13","","","","","55.7","","","","","","51","","","","","","",
"World","WLD","Use of insecticide-treated bed nets (% of under-5 population)","SH.MLR.NETS.ZS","","","","","","","","","","","","","","","","","","","","","","","","","","","","","","","","","","","","","","","","","","","","","","","","","","","","","","","","","","","","",
"Samoa","WSM","Use of insecticide-treated bed nets (% of under-5 population)","SH.MLR.NETS.ZS","","","","","","","","","","","","","","","","","","","","","","","","","","","","","","","","","","","","","","","","","","","","","","","","","","","","","","","","","","","","",
"Kosovo","XKX","Use of insecticide-treated bed nets (% of under-5 population)","SH.MLR.NETS.ZS","","","","","","","","","","","","","","","","","","","","","","","","","","","","","","","","","","","","","","","","","","","","","","","","","","","","","","","","","","","","",
"Yemen, Rep.","YEM","Use of insecticide-treated bed nets (% of under-5 population)","SH.MLR.NETS.ZS","","","","","","","","","","","","","","","","","","","","","","","","","","","","","","","","","","","","","","","","","","","","","","","","","","","","","","","","","","","","",
"South Africa","ZAF","Use of insecticide-treated bed nets (% of under-5 population)","SH.MLR.NETS.ZS","","","","","","","","","","","","","","","","","","","","","","","","","","","","","","","","","","","","","","","","","","","","","","","","","","","","","","","","","","","","",
"Zambia","ZMB","Use of insecticide-treated bed nets (% of under-5 population)","SH.MLR.NETS.ZS","","","","","","","","","","","","","","","","","","","","","","","","","","","","","","","","","","","","","","","","1","","","7","","","","23","29","41","","50","","57","","40.6","","","","51.6","",
"Zimbabwe","ZWE","Use of insecticide-treated bed nets (% of under-5 population)","SH.MLR.NETS.ZS","","","","","","","","","","","","","","","","","","","","","","","","","","","","","","","","","","","","","","","","","","","","","","","3","","","17.3","","9.7","","","26.8","9","","","","",
